{
  "generated_at": "2026-06-24T11:28:54.773Z",
  "store_ids": [56203,100421,145308,176065,172412,86753,120401,170714,178149,115697,56197,56190,80486,87392,56193,80477,56188,156443,59619,56178,94945,108119,56458],
  "months": {
    "2025-01": {"PL_SALES_TOTAL":49306212.24,"PL_COS_TOTAL":28495270.73,"PL_EXP_TOTAL":5967943.67,"PL_OTH_EXP_TOTAL":1863591.42,"PL_OTH_INCOME_TOTAL":115247.2,"PL_PROFIT_GROSS":20810941.51,"PL_PROFIT_GROSS_PROC":0.4220754457613149,"PL_PROFIT_MAIN":14842997.84,"PL_PROFIT_MAIN_PROC":0.30103707353854525,"PL_PROFIT_NET":13094653.62,"PL_PROFIT_NET_PROC":0.26557817007441653},
    "2025-02": {"PL_SALES_TOTAL":46866150.28,"PL_COS_TOTAL":27696659.54,"PL_EXP_TOTAL":6262288.44,"PL_OTH_EXP_TOTAL":4391742.73,"PL_OTH_INCOME_TOTAL":0,"PL_PROFIT_GROSS":19169490.74,"PL_PROFIT_GROSS_PROC":0.40902635751971567,"PL_PROFIT_MAIN":12907202.30,"PL_PROFIT_MAIN_PROC":0.2754056440071656,"PL_PROFIT_NET":8515459.57,"PL_PROFIT_NET_PROC":0.18169744088483308},
    "2025-03": {"PL_SALES_TOTAL":56986744.04,"PL_COS_TOTAL":33645603.29,"PL_EXP_TOTAL":7047549.47,"PL_OTH_EXP_TOTAL":5589853.02,"PL_OTH_INCOME_TOTAL":244419.69,"PL_PROFIT_GROSS":23341140.75,"PL_PROFIT_GROSS_PROC":0.40958895166245063,"PL_PROFIT_MAIN":16293591.28,"PL_PROFIT_MAIN_PROC":0.2859189721132909,"PL_PROFIT_NET":10948157.95,"PL_PROFIT_NET_PROC":0.1921176255010341},
    "2025-04": {"PL_SALES_TOTAL":61645989.62,"PL_COS_TOTAL":34816038.22,"PL_EXP_TOTAL":7025290.64,"PL_OTH_EXP_TOTAL":7693630.44,"PL_OTH_INCOME_TOTAL":135452.71,"PL_PROFIT_GROSS":26829951.4,"PL_PROFIT_GROSS_PROC":0.43522622583214193,"PL_PROFIT_MAIN":19804660.76,"PL_PROFIT_MAIN_PROC":0.32126438203166924,"PL_PROFIT_NET":12246483.03,"PL_PROFIT_NET_PROC":0.19865822749363135},
    "2025-05": {"PL_SALES_TOTAL":76107491.73,"PL_COS_TOTAL":41527017.94,"PL_EXP_TOTAL":7085672.86,"PL_OTH_EXP_TOTAL":6378431.37,"PL_OTH_INCOME_TOTAL":83916.93,"PL_PROFIT_GROSS":34580473.79,"PL_PROFIT_GROSS_PROC":0.4543635981682088,"PL_PROFIT_MAIN":27494800.93,"PL_PROFIT_MAIN_PROC":0.36126273912088624,"PL_PROFIT_NET":21200286.49,"PL_PROFIT_NET_PROC":0.2785571565702155},
    "2025-06": {"PL_SALES_TOTAL":77294773.28,"PL_COS_TOTAL":41845638.78,"PL_EXP_TOTAL":7245985.45,"PL_OTH_EXP_TOTAL":9995340.03,"PL_OTH_INCOME_TOTAL":109016.18,"PL_PROFIT_GROSS":35449134.5,"PL_PROFIT_GROSS_PROC":0.4586226596665942,"PL_PROFIT_MAIN":28203149.05,"PL_PROFIT_MAIN_PROC":0.36487782877419417,"PL_PROFIT_NET":18316825.2,"PL_PROFIT_NET_PROC":0.23697365840827775},
    "2025-07": {"PL_SALES_TOTAL":75026684.78,"PL_COS_TOTAL":41053405.62,"PL_EXP_TOTAL":7728540.56,"PL_OTH_EXP_TOTAL":10818286.15,"PL_OTH_INCOME_TOTAL":112150.04,"PL_PROFIT_GROSS":33973279.16,"PL_PROFIT_GROSS_PROC":0.4528159448817378,"PL_PROFIT_MAIN":26244738.6,"PL_PROFIT_MAIN_PROC":0.34980538826894964,"PL_PROFIT_NET":15538602.49,"PL_PROFIT_NET_PROC":0.20710767822893522},
    "2025-08": {"PL_SALES_TOTAL":75783550.56,"PL_COS_TOTAL":41094213.99,"PL_EXP_TOTAL":8750473.31,"PL_OTH_EXP_TOTAL":5444175.82,"PL_OTH_INCOME_TOTAL":39959.7,"PL_PROFIT_GROSS":34689336.57,"PL_PROFIT_GROSS_PROC":0.4577422978161397,"PL_PROFIT_MAIN":25938863.26,"PL_PROFIT_MAIN_PROC":0.34227563987601056,"PL_PROFIT_NET":20534647.14,"PL_PROFIT_NET_PROC":0.2709644373780314},
    "2025-09": {"PL_SALES_TOTAL":67828509.86,"PL_COS_TOTAL":37905363.96,"PL_EXP_TOTAL":8067377.43,"PL_OTH_EXP_TOTAL":6876542.87,"PL_OTH_INCOME_TOTAL":9976.24,"PL_PROFIT_GROSS":29923145.9,"PL_PROFIT_GROSS_PROC":0.44115882778144827,"PL_PROFIT_MAIN":21855768.47,"PL_PROFIT_MAIN_PROC":0.32222097337993927,"PL_PROFIT_NET":14989201.84,"PL_PROFIT_NET_PROC":0.22098674835903293},
    "2025-10": {"PL_SALES_TOTAL":66874692.0,"PL_COS_TOTAL":38412641.26,"PL_EXP_TOTAL":8125029.99,"PL_OTH_EXP_TOTAL":4245447.32,"PL_OTH_INCOME_TOTAL":7533.94,"PL_PROFIT_GROSS":28462050.74,"PL_PROFIT_GROSS_PROC":0.4256027188880361,"PL_PROFIT_MAIN":20337020.75,"PL_PROFIT_MAIN_PROC":0.3041063837722048,"PL_PROFIT_NET":16099107.37,"PL_PROFIT_NET_PROC":0.2407354245459552},
    "2025-11": {"PL_SALES_TOTAL":56408220.67,"PL_COS_TOTAL":33655632.15,"PL_EXP_TOTAL":7888920.47,"PL_OTH_EXP_TOTAL":6366171.85,"PL_OTH_INCOME_TOTAL":436.65,"PL_PROFIT_GROSS":22752588.52,"PL_PROFIT_GROSS_PROC":0.4033558983026156,"PL_PROFIT_MAIN":14863668.05,"PL_PROFIT_MAIN_PROC":0.26350180653553346,"PL_PROFIT_NET":8497932.85,"PL_PROFIT_NET_PROC":0.15065060994770108},
    "2025-12": {"PL_SALES_TOTAL":54152835.68,"PL_COS_TOTAL":33641267.18,"PL_EXP_TOTAL":9330457.89,"PL_OTH_EXP_TOTAL":8550275.03,"PL_OTH_INCOME_TOTAL":60072.71,"PL_PROFIT_GROSS":20511568.5,"PL_PROFIT_GROSS_PROC":0.3787718268569902,"PL_PROFIT_MAIN":11181110.61,"PL_PROFIT_MAIN_PROC":0.20647322470925494,"PL_PROFIT_NET":2690908.29,"PL_PROFIT_NET_PROC":0.04969099505520116},
    "2026-01": {"PL_SALES_TOTAL":53586721.91,"PL_COS_TOTAL":27118449.68,"PL_EXP_TOTAL":7606663.89,"PL_OTH_EXP_TOTAL":4572437.39,"PL_OTH_INCOME_TOTAL":-11.36,"PL_PROFIT_GROSS":26468272.23,"PL_PROFIT_GROSS_PROC":0.4939334089973635,"PL_PROFIT_MAIN":18861608.34,"PL_PROFIT_MAIN_PROC":0.3519828731393286,"PL_PROFIT_NET":14289159.59,"PL_PROFIT_NET_PROC":0.2666548555442325},
    "2026-02": {"PL_SALES_TOTAL":49265105.21,"PL_COS_TOTAL":30598950.3,"PL_EXP_TOTAL":8331943.36,"PL_OTH_EXP_TOTAL":12628430.59,"PL_OTH_INCOME_TOTAL":4988.74,"PL_PROFIT_GROSS":18666154.91,"PL_PROFIT_GROSS_PROC":0.3788920135343804,"PL_PROFIT_MAIN":10334211.55,"PL_PROFIT_MAIN_PROC":0.20976736994570186,"PL_PROFIT_NET":-2289230.3,"PL_PROFIT_NET_PROC":-0.04646758167351545},
    "2026-03": {"PL_SALES_TOTAL":69715839.66,"PL_COS_TOTAL":38970620.13,"PL_EXP_TOTAL":9759256.54,"PL_OTH_EXP_TOTAL":18382474.2,"PL_OTH_INCOME_TOTAL":25997.95,"PL_PROFIT_GROSS":30745219.53,"PL_PROFIT_GROSS_PROC":0.4410076631070159,"PL_PROFIT_MAIN":20985962.99,"PL_PROFIT_MAIN_PROC":0.30102144781368645,"PL_PROFIT_NET":2629486.74,"PL_PROFIT_NET_PROC":0.03771720677573232},
    "2026-04": {"PL_SALES_TOTAL":74912328.09,"PL_COS_TOTAL":40588707.9,"PL_EXP_TOTAL":9697245.79,"PL_OTH_EXP_TOTAL":8393324.81,"PL_OTH_INCOME_TOTAL":2954.95,"PL_PROFIT_GROSS":34323620.19,"PL_PROFIT_GROSS_PROC":0.45818386726365584,"PL_PROFIT_MAIN":24626374.4,"PL_PROFIT_MAIN_PROC":0.3287359374336059,"PL_PROFIT_NET":16236004.54,"PL_PROFIT_NET_PROC":0.21673341296367124},
    "2026-05": {"PL_SALES_TOTAL":84260012.99,"PL_COS_TOTAL":43785601.41,"PL_EXP_TOTAL":9945635.25,"PL_OTH_EXP_TOTAL":4656586.48,"PL_OTH_INCOME_TOTAL":12647.78,"PL_PROFIT_GROSS":40474411.58,"PL_PROFIT_GROSS_PROC":0.4803513569930676,"PL_PROFIT_MAIN":30528776.33,"PL_PROFIT_MAIN_PROC":0.36231630220165245,"PL_PROFIT_NET":25884837.63,"PL_PROFIT_NET_PROC":0.30720191834140853},
    "2026-06": {"PL_SALES_TOTAL":65356866.56,"PL_COS_TOTAL":17593503.48,"PL_EXP_TOTAL":3097413.03,"PL_OTH_EXP_TOTAL":6452352.54,"PL_OTH_INCOME_TOTAL":10971.27,"PL_PROFIT_GROSS":47763363.08,"PL_PROFIT_GROSS_PROC":0.7308086448139536,"PL_PROFIT_MAIN":44665950.05,"PL_PROFIT_MAIN_PROC":0.6834163325286566,"PL_PROFIT_NET":38224568.78,"PL_PROFIT_NET_PROC":0.5848592625674374}
  }
}
