{
  "has_data": true,
  "generated_at": "2026-06-24T11:28:54.773Z",
  "months_available": [
    "2025-01",
    "2025-02",
    "2025-03",
    "2025-04",
    "2025-05",
    "2025-06",
    "2025-07",
    "2025-08",
    "2025-09",
    "2025-10",
    "2025-11",
    "2025-12",
    "2026-01",
    "2026-02",
    "2026-03",
    "2026-04",
    "2026-05",
    "2026-06"
  ],
  "monthly": {
    "2025-01": {
      "revenue": 49306212.24,
      "cogs": 28495270.73,
      "gross_profit": 20810941.51,
      "gross_margin": 0.4220754457613149,
      "expenses": 5967943.67,
      "other_expenses": 1863591.42,
      "other_income": 115247.2,
      "operating_profit": 14842997.84,
      "operating_margin": 0.30103707353854525,
      "net_profit": 13094653.62,
      "net_margin": 0.26557817007441653
    },
    "2025-02": {
      "revenue": 46866150.28,
      "cogs": 27696659.54,
      "gross_profit": 19169490.74,
      "gross_margin": 0.40902635751971567,
      "expenses": 6262288.44,
      "other_expenses": 4391742.73,
      "other_income": 0,
      "operating_profit": 12907202.3,
      "operating_margin": 0.2754056440071656,
      "net_profit": 8515459.57,
      "net_margin": 0.18169744088483308
    },
    "2025-03": {
      "revenue": 56986744.04,
      "cogs": 33645603.29,
      "gross_profit": 23341140.75,
      "gross_margin": 0.40958895166245063,
      "expenses": 7047549.47,
      "other_expenses": 5589853.02,
      "other_income": 244419.69,
      "operating_profit": 16293591.28,
      "operating_margin": 0.2859189721132909,
      "net_profit": 10948157.95,
      "net_margin": 0.1921176255010341
    },
    "2025-04": {
      "revenue": 61645989.62,
      "cogs": 34816038.22,
      "gross_profit": 26829951.4,
      "gross_margin": 0.43522622583214193,
      "expenses": 7025290.64,
      "other_expenses": 7693630.44,
      "other_income": 135452.71,
      "operating_profit": 19804660.76,
      "operating_margin": 0.32126438203166924,
      "net_profit": 12246483.03,
      "net_margin": 0.19865822749363135
    },
    "2025-05": {
      "revenue": 76107491.73,
      "cogs": 41527017.94,
      "gross_profit": 34580473.79,
      "gross_margin": 0.4543635981682088,
      "expenses": 7085672.86,
      "other_expenses": 6378431.37,
      "other_income": 83916.93,
      "operating_profit": 27494800.93,
      "operating_margin": 0.36126273912088624,
      "net_profit": 21200286.49,
      "net_margin": 0.2785571565702155
    },
    "2025-06": {
      "revenue": 77294773.28,
      "cogs": 41845638.78,
      "gross_profit": 35449134.5,
      "gross_margin": 0.4586226596665942,
      "expenses": 7245985.45,
      "other_expenses": 9995340.03,
      "other_income": 109016.18,
      "operating_profit": 28203149.05,
      "operating_margin": 0.36487782877419417,
      "net_profit": 18316825.2,
      "net_margin": 0.23697365840827775
    },
    "2025-07": {
      "revenue": 75026684.78,
      "cogs": 41053405.62,
      "gross_profit": 33973279.16,
      "gross_margin": 0.4528159448817378,
      "expenses": 7728540.56,
      "other_expenses": 10818286.15,
      "other_income": 112150.04,
      "operating_profit": 26244738.6,
      "operating_margin": 0.34980538826894964,
      "net_profit": 15538602.49,
      "net_margin": 0.20710767822893522
    },
    "2025-08": {
      "revenue": 75783550.56,
      "cogs": 41094213.99,
      "gross_profit": 34689336.57,
      "gross_margin": 0.4577422978161397,
      "expenses": 8750473.31,
      "other_expenses": 5444175.82,
      "other_income": 39959.7,
      "operating_profit": 25938863.26,
      "operating_margin": 0.34227563987601056,
      "net_profit": 20534647.14,
      "net_margin": 0.2709644373780314
    },
    "2025-09": {
      "revenue": 67828509.86,
      "cogs": 37905363.96,
      "gross_profit": 29923145.9,
      "gross_margin": 0.44115882778144827,
      "expenses": 8067377.43,
      "other_expenses": 6876542.87,
      "other_income": 9976.24,
      "operating_profit": 21855768.47,
      "operating_margin": 0.32222097337993927,
      "net_profit": 14989201.84,
      "net_margin": 0.22098674835903293
    },
    "2025-10": {
      "revenue": 66874692.0,
      "cogs": 38412641.26,
      "gross_profit": 28462050.74,
      "gross_margin": 0.4256027188880361,
      "expenses": 8125029.99,
      "other_expenses": 4245447.32,
      "other_income": 7533.94,
      "operating_profit": 20337020.75,
      "operating_margin": 0.3041063837722048,
      "net_profit": 16099107.37,
      "net_margin": 0.2407354245459552
    },
    "2025-11": {
      "revenue": 56408220.67,
      "cogs": 33655632.15,
      "gross_profit": 22752588.52,
      "gross_margin": 0.4033558983026156,
      "expenses": 7888920.47,
      "other_expenses": 6366171.85,
      "other_income": 436.65,
      "operating_profit": 14863668.05,
      "operating_margin": 0.26350180653553346,
      "net_profit": 8497932.85,
      "net_margin": 0.15065060994770108
    },
    "2025-12": {
      "revenue": 54152835.68,
      "cogs": 33641267.18,
      "gross_profit": 20511568.5,
      "gross_margin": 0.3787718268569902,
      "expenses": 9330457.89,
      "other_expenses": 8550275.03,
      "other_income": 60072.71,
      "operating_profit": 11181110.61,
      "operating_margin": 0.20647322470925494,
      "net_profit": 2690908.29,
      "net_margin": 0.04969099505520116
    },
    "2026-01": {
      "revenue": 53586721.91,
      "cogs": 27118449.68,
      "gross_profit": 26468272.23,
      "gross_margin": 0.4939334089973635,
      "expenses": 7606663.89,
      "other_expenses": 4572437.39,
      "other_income": -11.36,
      "operating_profit": 18861608.34,
      "operating_margin": 0.3519828731393286,
      "net_profit": 14289159.59,
      "net_margin": 0.2666548555442325
    },
    "2026-02": {
      "revenue": 49265105.21,
      "cogs": 30598950.3,
      "gross_profit": 18666154.91,
      "gross_margin": 0.3788920135343804,
      "expenses": 8331943.36,
      "other_expenses": 12628430.59,
      "other_income": 4988.74,
      "operating_profit": 10334211.55,
      "operating_margin": 0.20976736994570186,
      "net_profit": -2289230.3,
      "net_margin": -0.04646758167351545
    },
    "2026-03": {
      "revenue": 69715839.66,
      "cogs": 38970620.13,
      "gross_profit": 30745219.53,
      "gross_margin": 0.4410076631070159,
      "expenses": 9759256.54,
      "other_expenses": 18382474.2,
      "other_income": 25997.95,
      "operating_profit": 20985962.99,
      "operating_margin": 0.30102144781368645,
      "net_profit": 2629486.74,
      "net_margin": 0.03771720677573232
    },
    "2026-04": {
      "revenue": 74912328.09,
      "cogs": 40588707.9,
      "gross_profit": 34323620.19,
      "gross_margin": 0.45818386726365584,
      "expenses": 9697245.79,
      "other_expenses": 8393324.81,
      "other_income": 2954.95,
      "operating_profit": 24626374.4,
      "operating_margin": 0.3287359374336059,
      "net_profit": 16236004.54,
      "net_margin": 0.21673341296367124
    },
    "2026-05": {
      "revenue": 84260012.99,
      "cogs": 43785601.41,
      "gross_profit": 40474411.58,
      "gross_margin": 0.4803513569930676,
      "expenses": 9945635.25,
      "other_expenses": 4656586.48,
      "other_income": 12647.78,
      "operating_profit": 30528776.33,
      "operating_margin": 0.36231630220165245,
      "net_profit": 25884837.63,
      "net_margin": 0.30720191834140853
    },
    "2026-06": {
      "revenue": 65356866.56,
      "cogs": 17593503.48,
      "gross_profit": 47763363.08,
      "gross_margin": 0.7308086448139536,
      "expenses": 3097413.03,
      "other_expenses": 6452352.54,
      "other_income": 10971.27,
      "operating_profit": 44665950.05,
      "operating_margin": 0.6834163325286566,
      "net_profit": 38224568.78,
      "net_margin": 0.5848592625674374
    }
  },
  "quarterly": {
    "2025-Q1": {
      "revenue": 153159106.56,
      "cogs": 89837533.56,
      "gross_profit": 63321573.0,
      "gross_margin": 0.41343655249904326,